Titre,Description,DateEvent,Nbr Participant,Nbr Restant,Link,Nbr Total
"Meet at the Dillon Drive entrance, West Side","Bayonne Women's Walking/Hiking Group • Bayonne, NJ","TUE, MAY 17 · 2:00 PM UTC+2",1 attendee,No place left,https://www.meetup.com/bayonne-walking-meetup-group/events/285932271,1
CryptoMondays & DGH Events Networking After Party at The Security Token Summit,"CryptoMondays NYC • New York, NY","TUE, MAY 17 · 12:00 AM UTC+2",300 attendees,No place left,https://www.meetup.com/cryptomondaysnyc/events/285443224,300
Create an (ETH) ERC-20 Based Token,"NYC Developing Crypto and the Blockchain • New York, NY","TUE, MAY 17 · 12:30 AM UTC+2",88 attendees,No place left,https://www.meetup.com/nyc-developing-crypto-and-the-blockchain/events/284003922,88
Building a Modern Data Analytics Stack in an hour (online),"Data Workshops • New York, NY","TUE, MAY 17 · 12:30 AM UTC+2",54 attendees,No place left,https://www.meetup.com/Data-Workshops/events/285801814,54
"Learn You Github Actions, Then Portfolio SECRETS!","NYC Bootcampers Anonymous • New York, NY","TUE, MAY 17 · 12:30 AM UTC+2",84 attendees,No place left,https://www.meetup.com/NYC-Bootcampers-Anonymous/events/284938432,84
Session 1 for Finding DND Friends,"Free DND (please be nice) • New York, NY","TUE, MAY 17 · 1:00 AM UTC+2",22 attendees,No place left,https://www.meetup.com/free-dnd-please-be-nice/events/285811423,22
''DANCE TO YOUR OWN DRUM BEAT'' - LUNAR ECLIPSE DANCE PRACTICE,"Shamanic Club • Edgewater, NJ","TUE, MAY 17 · 1:00 AM UTC+2",38 attendees,No place left,https://www.meetup.com/Edgewater-ShamanicClub/events/285659264,38
Draw Together at Radegast Hall,"Williamsburg Art Club • New York, NY","TUE, MAY 17 · 1:00 AM UTC+2",13 attendees,No place left,https://www.meetup.com/williamsburg-art-club/events/285860364,13
Brooklyn Heights Women's Book Club Monthly Meetup,"Brooklyn Heights Women's Book Club • Brooklyn, NY","TUE, MAY 17 · 1:00 AM UTC+2",6 attendees,9 spots left,https://www.meetup.com/Brooklyn-Heights-Book-Club/events/282915953,15
HWU Community Writing Session,"Harlem Writers United • New York, NY","TUE, MAY 17 · 1:00 AM UTC+2",2 attendees,No place left,https://www.meetup.com/hwunited/events/285486402,2
Monday Night Mechs #009: The Battle of Tukayyid,"Brooklyn Battletech • Brooklyn, NY","TUE, MAY 17 · 1:00 AM UTC+2",4 attendees,No place left,https://www.meetup.com/Brooklyn-Battletech-Meetup/events/285074336,4
Switch your Career to UX Design,"Mento Design Academy Group • New York, NY","TUE, MAY 17 · 6:00 PM UTC+2",146 attendees,No place left,https://www.meetup.com/mento-design-academy-group/events/285504755,146
Introduction to Python,"Code Labs Academy NYC - Coding Bootcamp • New York, NY","TUE, MAY 17 · 6:00 PM UTC+2",53 attendees,No place left,https://www.meetup.com/code-labs-academy-nyc-coding-bootcamp/events/285541983,53
"Greg Brougham - Transformation, Is it a Thing?","The Complexity Lounge • New York, NY","TUE, MAY 17 · 6:00 PM UTC+2",44 attendees,No place left,https://www.meetup.com/Complexity-Lounge/events/285677058,44
Microsoft Teams Rooms – Extending your teams journey into shared spaces,"NYC Teams Tuesday • New York, NY","TUE, MAY 17 · 6:15 PM UTC+2",12 attendees,No place left,https://www.meetup.com/NYC-Teams-Tuesday/events/285231125,12
IN-PERSON in Prospect Park,"Old, Weird & Don't Care Who Knows It • Brooklyn, NY","TUE, MAY 17 · 8:00 PM UTC+2",8 attendees,No place left,https://www.meetup.com/Old-Weird-Dont-Care-Who-Knows-It/events/285576064,8
Spanish and English FREE Dual Language Learning Hour,"Double Talkers: 2 Become Bilingual • New York, NY","TUE, MAY 17 · 11:00 PM UTC+2",14 attendees,8 spots left,https://www.meetup.com/DoubleTalkers/events/285576479,22
"Discuss ""The Dakota Winters"" IN PERSON!","Women's 'Novels of New York' Book Club • New York, NY","WED, MAY 18 · 12:00 AM UTC+2",22 attendees,No place left,https://www.meetup.com/NovelsOfNewYork/events/285114226,22
The Basics of UX UI Design,"Ironhack New York - Tech Careers, Learning and Networking • New York, NY","WED, MAY 18 · 12:00 AM UTC+2",39 attendees,No place left,https://www.meetup.com/ironhack-new-york-tech-careers-learning-and-networking/events/285552721,39
Bitcoin Happy Hour,"Blockchain Center • New York, NY","WED, MAY 18 · 12:00 AM UTC+2",65 attendees,No place left,https://www.meetup.com/blockchaincenter/events/284821234,65
Talk & Discussion: Accessibility 201 – Design Maturity Models,"SDN New York Chapter (NYC Service Design Collective) • New York, NY","WED, MAY 18 · 12:00 AM UTC+2",24 attendees,No place left,https://www.meetup.com/sdnnyc/events/285697095,24
Weimar Berlin Cabaret show,"Fabulous females seeking female friends over 50 for events • New York, NY","WED, MAY 18 · 12:20 AM UTC+2",7 attendees,1 spot left,https://www.meetup.com/fabulous-females-over-50-seekingFemalefriendsforevents/events/285153161,8
Micro Gathering,"Tribes of Humanity • Brooklyn, NY","WED, MAY 18 · 12:30 AM UTC+2",4 attendees,No place left,https://www.meetup.com/tribes-of-humanity/events/285676976,4
Veil of Maya & Born of Osiris,"Let's Go to Metal Shows • New York, NY","WED, MAY 18 · 12:30 AM UTC+2",4 attendees,7 spots left,https://www.meetup.com/lets-go-to-metal-shows/events/285489455,11
FREE Workshop on QA Automation,"NYC: Tech Career in QA Automation and Product Management • New York, NY","WED, MAY 18 · 12:30 AM UTC+2",24 attendees,1 spot left,https://www.meetup.com/qa-productmanagement-boot-camp/events/285740652,25
Low-key Poetry Writing & Drinks Meetup (All NY Poets are Welcome)!,"Poets of Queens NEW • Astoria, NY","WED, MAY 18 · 1:00 AM UTC+2",10 attendees,No place left,https://www.meetup.com/poets-of-queens-new/events/284865544,10
Lower East Side Socialist Monthly Meeting,"Manhattan Socialists • New York, NY","WED, MAY 18 · 1:00 AM UTC+2",8 attendees,No place left,https://www.meetup.com/manhattan-socialists/events/285384295,8
"Deficits, Debt, and Drinks","NYC Deficit Owls (MMT) • New York, NY","WED, MAY 18 · 1:00 AM UTC+2",6 attendees,No place left,https://www.meetup.com/Modern-Monetary-Theory-in-New-York-City/events/285322240,6
The All Star Comedy Show- A stand Up comedy show tor City Harvest!,"New York City All Star Stand Up Comedy Show Meetup Group • New York, NY","WED, MAY 18 · 1:00 AM UTC+2",2 attendees,No place left,https://www.meetup.com/new-york-city-all-star-stand-up-comedy-show-meetup-group/events/285550909,2
Tuesday night climb at Cliffs Gowanus(+ drinks @ Wild East),"Rock Climb + Chill in Brooklyn • Brooklyn, NY","WED, MAY 18 · 1:00 AM UTC+2",20 attendees,No place left,https://www.meetup.com/Casual-Rock-Climbing/events/285731649,20
Online Real Estate Investing,"Queens Investing Meetup Group • Whitestone, NY","WED, MAY 18 · 1:00 AM UTC+2",27 attendees,No place left,https://www.meetup.com/Queens-Investing-Meetup-Group/events/285553741,27
What You Need to Know about OCD and the Nice Guy Syndrome,"Integrated Men - New York • Brooklyn, NY","WED, MAY 18 · 2:00 AM UTC+2",15 attendees,No place left,https://www.meetup.com/integrated-men-new-york/events/285287434,15
Learn English in New York Manhattan !,"Learn English in New York Manhattan • New York, NY","WED, MAY 18 · 3:00 PM UTC+2",28 attendees,No place left,https://www.meetup.com/manhattan-english-as-a-second-language-meetup-group/events/285406403,28
The ML Data Engineering Conference,"NYC AI/ML/Data Developers Group • New York, NY","WED, MAY 18 · 5:00 PM UTC+2",649 attendees,No place left,https://www.meetup.com/aittg-nyc/events/284937857,649
Young Professional's Networking Gathering,"Young Professional's New to NYC • New York, NY","WED, MAY 18 · 11:00 PM UTC+2",129 attendees,No place left,https://www.meetup.com/young-professionals-new-to-nyc/events/285529628,129
Working with Large Datasets as a Data Scientist (with Python),"New York R User Group • New York, NY","WED, MAY 18 · 11:00 PM UTC+2",25 attendees,No place left,https://www.meetup.com/New-York-R-Users-Group/events/285591596,25
Tech Professionals After Work Happy Hour,"NY Tech Happy Hour • New York, NY","WED, MAY 18 · 11:00 PM UTC+2",41 attendees,No place left,https://www.meetup.com/meetup-group-grbqwgeh/events/285529575,41
May Intermediate-Advanced Amazons Sellers Meetup - WE ARE BACK!!,"New York Amazon Seller Meetup • New York, NY","THU, MAY 19 · 12:00 AM UTC+2",66 attendees,No place left,https://www.meetup.com/New-York-Amazon-Seller-Meetup/events/285392466,66
Building and Using Virtual Reality in Education,"VR in Education • New York, NY","THU, MAY 19 · 12:00 AM UTC+2",66 attendees,9 spots left,https://www.meetup.com/vr-education/events/284878756,75
SEO for Beginners,"New York SEO Meetup Group • New York, NY","THU, MAY 19 · 12:00 AM UTC+2",47 attendees,No place left,https://www.meetup.com/new-york-seo/events/285093297,47
"May 18, 2022 NYC Quantum Computing Hybrid Meetup","New York Quantum Computing Meetup • New York, NY","THU, MAY 19 · 12:00 AM UTC+2",44 attendees,6 spots left,https://www.meetup.com/New-York-Quantum-Computing-Meetup/events/285840307,50
"NFT, Web3 and Crypto Happy Hour (Sub Topic - Project Pitches)","New York NFT, Crypto, Web3 and Startup Meetup Group • New York, NY","THU, MAY 19 · 12:45 AM UTC+2",14 attendees,No place left,https://www.meetup.com/new-york-nft-web3-crypto-startup-meetup-group/events/285058610,14
Meet and Greet with JC Black Professionals,"Jersey City Black Professionals • Jersey City, NJ","THU, MAY 19 · 1:00 AM UTC+2",31 attendees,No place left,https://www.meetup.com/jersey-city-black-professionals/events/285542744,31
Choose A Cuisine and Restaurant For Our First Night Out!,"New York Food Club • New York, NY","THU, MAY 19 · 1:00 AM UTC+2",20 attendees,No place left,https://www.meetup.com/new-york-food-club/events/285819775,20
BROOKLYN Smutty Book Club - Lick by Kylie Scott,"Brooklyn Smutty Book Club • Brooklyn, NY","THU, MAY 19 · 1:00 AM UTC+2",33 attendees,No place left,https://www.meetup.com/BROOKLYN-Smutty-Book-Club/events/285373438,33
Mens Indoor Pick-up Basketball in Long Island City,"LICYSL - Men's Indoor Pickup Basketball in Hunters Point • Long Island City, NY","THU, MAY 19 · 1:00 AM UTC+2",13 attendees,9 spots left,https://www.meetup.com/LIC-Hoops-Mens-Indoor-Pickup-Basketball-in-Hunters-Point/events/285578911,22
DIR/Floortime based Autism Social Group Meetup,"DIR/Floortime based Autism Social Group Meetup • New York, NY","THU, MAY 19 · 1:15 AM UTC+2",5 attendees,No place left,https://www.meetup.com/DIR-Floortime-based-Autism-Social-Group-Meetup/events/285888319,5
Free Chinese Class - 'Do you speak Chinese?',"Free Chinese Classes • New York, NY","THU, MAY 19 · 1:30 AM UTC+2",12 attendees,No place left,https://www.meetup.com/free-chinese-classes/events/285773101,12
Learn Chinese: Do you speak Chinese?,"Chinese Chat International • New York, NY","THU, MAY 19 · 1:30 AM UTC+2",5 attendees,No place left,https://www.meetup.com/chinese-chat/events/285853343,5
Monthly Dinner (Make new female friends),"Mindful Gal Pals • Brooklyn, NY","THU, MAY 19 · 1:30 AM UTC+2",39 attendees,No place left,https://www.meetup.com/Mindful-Gal-Pals/events/285462049,39
A Post-Roe America? (a panelist discussion by legal experts),"""The NYC Political Forum"" • New York, NY","THU, MAY 19 · 2:00 AM UTC+2",43 attendees,No place left,https://www.meetup.com/NYC-Politics/events/285803030,43
Keep The Pace Run Club Community Run,"Keep The Pace Run Club • New York, NY","THU, MAY 19 · 1:15 PM UTC+2",7 attendees,No place left,https://www.meetup.com/keep-the-pace-run-club/events/285590146,7
Women in Data Science NYC @ Dataiku,"Analytics & Data Science by Dataiku NY • New York, NY","THU, MAY 19 · 9:00 PM UTC+2",89 attendees,No place left,https://www.meetup.com/AnalyticsDataScienceDataikuNY/events/285277410,89
NYC Blockchain Networking Event - Monthly 3rd Thurs. - Blockchain Cryptocurrency,"NYC Blockchain Network - Monthly 3rd Thursday Meetup • New York, NY","THU, MAY 19 · 11:00 PM UTC+2",188 attendees,No place left,https://www.meetup.com/nyc-blockchain-network-monthly-3rd-thursday-meetup/events/283992671,188
"Tech and Startup Networking Mixer (Tech, Drinks and Startups)","Startup+ NYC • New York, NY","THU, MAY 19 · 11:00 PM UTC+2",74 attendees,No place left,https://www.meetup.com/startup-plus/events/285600469,74
Thursday evening Kadima Meetup (+ MOVIE),"Adult UWS Kadima meet up • New York, NY","THU, MAY 19 · 11:30 PM UTC+2",20 attendees,No place left,https://www.meetup.com/New-York-City-UWS-Kadima-Meetup-Group/events/285846511,20
Robert Kosara: How to Show Ordinary Data in Extraordinary Ways,"Data Visualization New York • New York, NY","FRI, MAY 20 · 12:00 AM UTC+2",214 attendees,No place left,https://www.meetup.com/DataVisualization/events/285428471,214
[VIRTUAL|SUG] How to Stop avoiding conflict and start building better teams,"NYC Scrum User Group • New York, NY","FRI, MAY 20 · 12:00 AM UTC+2",50 attendees,No place left,https://www.meetup.com/NYC-Scrum-User-Group/events/283312744,50
Adult(ish) Game Night (Hybrid),"Adult(ish) at the Valley Cottage Library • Valley Cottage, NY","FRI, MAY 20 · 12:00 AM UTC+2",30 attendees,No place left,https://www.meetup.com/7eb6a8ab-02ce-4f9c-a900-9b7935f4e052/events/284224672,30
BYOB: Custom Candle Making Experience,"The Melanin Club- NYC • New York, NY","FRI, MAY 20 · 12:00 AM UTC+2",8 attendees,No place left,https://www.meetup.com/the-melanin-club-nyc/events/285606936,8
ScriptRunner – Let’s Unlock the Power of PowerShell across your organization,"New York PowerShell Meetup • New York, NY","FRI, MAY 20 · 12:30 AM UTC+2",146 attendees,No place left,https://www.meetup.com/NycPowershellMeetup/events/285079314,146
Liberty Science Center Afterdark!!!!,"50 By 50 Travel Wine And Dine And Amazing Times • Woodbridge, NJ","FRI, MAY 20 · 12:30 AM UTC+2",6 attendees,9 spots left,https://www.meetup.com/meetup-group-yaetucwl/events/285714746,15
Want to be happier and more confident?,"Self-confidence NY NJ Meetup Group • New York, NY","FRI, MAY 20 · 1:00 AM UTC+2",314 attendees,No place left,https://www.meetup.com/self-confidence-ny-nj-meetup-group/events/285380389,314
Conversation w/ MLOps Industry Veteran Yuval Fernbach,"MLOps NYC • New York, NY","FRI, MAY 20 · 1:00 AM UTC+2",45 attendees,No place left,https://www.meetup.com/MLOps-NYC/events/285703873,45
The Post-Office Girl - Stefan Zweig,"Great Loves Book Club • New York, NY","FRI, MAY 20 · 1:00 AM UTC+2",23 attendees,No place left,https://www.meetup.com/Great-Loves-Book-Club/events/285408679,23
Happy Hour @ Smorgasbar,"Jersey City Connects • Jersey City, NJ","FRI, MAY 20 · 1:00 AM UTC+2",88 attendees,No place left,https://www.meetup.com/jersey-city-connects/events/285645368,88
AMC NY/NJ 20s and 30s Spring Kickoff Social,"Appalachian Mountain Club - Young Members • New York, NY","FRI, MAY 20 · 1:00 AM UTC+2",34 attendees,No place left,https://www.meetup.com/AMCYoungMembers/events/285634911,34
Understanding the War In Ukraine,"The Network for Responsible Public Policy • Ridgewood, NJ","FRI, MAY 20 · 1:30 AM UTC+2",11 attendees,No place left,https://www.meetup.com/nfrpp-public-policy-forum-meetup-group/events/285675710,11
Thursday Evening 7vs7 Pickup,"Socceroof LIC (Pickup, Events and more...) • Astoria, NY","FRI, MAY 20 · 3:00 AM UTC+2",21 attendees,No place left,https://www.meetup.com/SocceroofLIC/events/285606358,21
Successfully implementing the key elements of Data & Analytics Strategy,"Data Science Festival - New York • New York, NY","FRI, MAY 20 · 2:00 PM UTC+2",24 attendees,No place left,https://www.meetup.com/Data-Science-Festival-New-York/events/285670172,24
Entrepreneurs Forum: Reemergence,"New York Entrepreneurs • New York, NY","FRI, MAY 20 · 6:00 PM UTC+2",80 attendees,No place left,https://www.meetup.com/new-york-entrepreneurship-meetup-group/events/285745762,80
Introduction to NSR Meditation/East Coast,"Introduction to NSR Meditation/East Coast • New York, NY","FRI, MAY 20 · 7:30 PM UTC+2",6 attendees,No place left,https://www.meetup.com/introduction-to-nsr-meditation-east-coast/events/285885668,6
"IN PERSON MEETUP: Free speech, Elon Musk, the ""Disinformation Governance Board""","New York City IDW - NYC Intellectual Dark Web • New York, NY","FRI, MAY 20 · 11:30 PM UTC+2",15 attendees,No place left,https://www.meetup.com/new-york-idw-group/events/285592467,15
May 20 Entrepreneur Networking Party,"NYC Entrepreneurs & Startups • New York, NY","FRI, MAY 20 · 11:30 PM UTC+2",20 attendees,No place left,https://www.meetup.com/meetup-group-denmnbrk/events/285751861,20
Touchdesigner NYC Meetup - IO edition,"ZeroSpace XR/AR/VR Meetups • Brooklyn, NY","SAT, MAY 21 · 12:00 AM UTC+2",65 attendees,10 spots left,https://www.meetup.com/zerospace-meetups/events/285871847,75
Irish Music & Happy Hour,"The New York Irish Pub Challenge Meetup • New York, NY","SAT, MAY 21 · 12:00 AM UTC+2",25 attendees,No place left,https://www.meetup.com/The-New-York-Irish-Pub-Challenge-Meetup/events/285629048,25
Friday happy hour - French conversation practice !,"Gay French language practice • New York, NY","SAT, MAY 21 · 12:00 AM UTC+2",15 attendees,No place left,https://www.meetup.com/gay-french-language-practice/events/285874661,15
"INFP, Introverts, Shy and International Friends Hang out and Chat","Brooklyn INFP, Introverts Meetup Group • Brooklyn, NY","SAT, MAY 21 · 1:00 AM UTC+2",25 attendees,No place left,https://www.meetup.com/brooklyn-infp-meetup-group/events/285683313,25
The Juggling Moms Club - Meet and Greet,"The Juggling Moms Club Meetup Group • Woodbridge, NJ","SAT, MAY 21 · 1:00 AM UTC+2",12 attendees,No place left,https://www.meetup.com/the-juggling-moms-club-meetup-group/events/285768776,12
Meet and Greet - Introductions and Q&A,"Math Pedagogy Group (Teachers, Tutors, and Math enthusiasts) • Bronx, NY","SAT, MAY 21 · 1:30 AM UTC+2",7 attendees,No place left,https://www.meetup.com/math-pedagogy-group-teachers-tutors-and-more/events/285809014,7
New York Dodgeball Pick up (in Chelsea!),"New York Dodgeball • New York, NY","SAT, MAY 21 · 2:00 AM UTC+2",12 attendees,No place left,https://www.meetup.com/new-york-dodgeball/events/285363294,12
NYRR 2022 RBC Brooklyn Half,"Dashing Whippets Running Team • New York, NY","SAT, MAY 21 · 1:00 PM UTC+2",60 attendees,No place left,https://www.meetup.com/dashing-whippets/events/282528678,60
Surf City - Opening Weekend - Ride out,"NYC Pirates • Bronx, NY","SAT, MAY 21 · 2:00 PM UTC+2",13 attendees,No place left,https://www.meetup.com/NYC-Pirates/events/285439517,13
Second Saturday - Divorce Seminar,"Second Saturday Divorce Seminar - Montclair • Montclair, NJ","SAT, MAY 21 · 3:00 PM UTC+2",74 attendees,No place left,https://www.meetup.com/second-saturday-divorce-seminar-montclair/events/284079586,74
Kathak - Kathak dancing by Radhika,"Free Dance and Drama • Jersey City, NJ","SAT, MAY 21 · 3:00 PM UTC+2",8 attendees,No place left,https://www.meetup.com/indian-dance-and-drama/events/285768483,8
BFC Saturday May 14th game 10:45 am TBC,"Brooklyn Football Club • Brooklyn, NY","SAT, MAY 21 · 4:45 PM UTC+2",10 attendees,4 spots left,https://www.meetup.com/meetup-group-sceopdbn/events/285932484,14
NYC Dance Parade!,"NYC Hoop Troupe • New York, NY","SAT, MAY 21 · 6:30 PM UTC+2",19 attendees,No place left,https://www.meetup.com/nychooptroupe/events/284525743,19
NYC Photographers' Belated Anniversary: Central Park,"NYC Photographers • New York, NY","SAT, MAY 21 · 5:00 PM UTC+2",51 attendees,No place left,https://www.meetup.com/NYC-Photographers/events/285530792,51
Yoga and Picnic in Central Park,"Urban Nomad Outdoor Yoga in New York City's Parks • New York, NY","SAT, MAY 21 · 5:45 PM UTC+2",14 attendees,No place left,https://www.meetup.com/new-york-outdoor-yoga-meetup-group/events/285632389,14
PODWORK-The Podcast Network Conference,"Podcasters of NewJersey • West Orange, NJ","SAT, MAY 21 · 6:00 PM UTC+2",13 attendees,No place left,https://www.meetup.com/Podcasters-of-NewJersey/events/284869303,13
Hometown Bar B Que. Let's Get Back to Normal....,"3 Brown Chicks who Travel! • New York, NY","SAT, MAY 21 · 6:00 PM UTC+2",16 attendees,No place left,https://www.meetup.com/3-Brown-Chicks-who-TRAVEL/events/284790236,16
First Meeting,"The Art of Community Conversation • New York, NY","SAT, MAY 21 · 7:00 PM UTC+2",32 attendees,No place left,https://www.meetup.com/the-art-of-community-conversation/events/285552346,32
Central Park Picnic,"Big Apple Dinners, Brunches & Adventures (30s-50s) • New York, NY","SAT, MAY 21 · 7:00 PM UTC+2",15 attendees,9 spots left,https://www.meetup.com/big-apple-beauties-30s-50s/events/285475556,24
LBGTQ+ Women's Picnic,"LGBTQ+ Women Social Group (Ages ≈21-40ish) • New York, NY","SAT, MAY 21 · 7:00 PM UTC+2",11 attendees,No place left,https://www.meetup.com/lgbtq-women-social-group-ages-20-40/events/285807405,11
D&D 5E World of Greyhawk: Take the Tower! Part 3,"Online Monthly D&D Game Meetup Group • Brooklyn, NY","SAT, MAY 21 · 7:00 PM UTC+2",9 attendees,No place left,https://www.meetup.com/online-monthly-dnd-game-meetup-group/events/285466017,9
Vegan Take Out & Picnic in Prospect Park,"Vegan Ventures • New York, NY","SAT, MAY 21 · 7:00 PM UTC+2",4 attendees,No place left,https://www.meetup.com/Vegan-Ventures/events/285680042,4
Brick Walls Over Brunch,"The Irish / British Genealogy Group • New York, NY","SAT, MAY 21 · 8:00 PM UTC+2",12 attendees,No place left,https://www.meetup.com/The-Irish-British-Genealogy-Group/events/285216249,12
Lets Dine NYC : Grimaldis Pizza at Brooklyn Bridge Park,"Let’s Dine NYC • New York, NY","SAT, MAY 21 · 9:15 PM UTC+2",23 attendees,No place left,https://www.meetup.com/let-s-dine-nyc/events/285362399,23
Archives Exposed,"Archives Exposed Exhibit • New York, NY","SAT, MAY 21 · 10:00 PM UTC+2",29 attendees,No place left,https://www.meetup.com/archives-exposed-exhibit/events/285384608,29
Let's Play Softball! - Brooklyn Half Marathon Edition - May 21st,"Central Park Saturday Afternoon Co-Ed Softball • New York, NY","SAT, MAY 21 · 10:00 PM UTC+2",24 attendees,No place left,https://www.meetup.com/Central-Park-Saturday-Afternoon-Co-Ed-Softball/events/285914681,24
Join the first Aging with Attitude meet up event!,"Aging with Attitude Meetup Group • New York, NY","SAT, MAY 21 · 11:00 PM UTC+2",5 attendees,No place left,https://www.meetup.com/aging-with-attitude-meetup-group/events/284822803,5
Interactive BoardGames presents: Blood on the Clocktower,"The Interactive Heroes • New York, NY","SUN, MAY 22 · 12:00 AM UTC+2",11 attendees,10 spots left,https://www.meetup.com/meetup-group-eyaqvekz/events/285730684,21
Who is preventing full E.T disclosure and why?,"New York Ufo Research and Investigations Meetup Group • New York, NY","SUN, MAY 22 · 1:00 AM UTC+2",10 attendees,No place left,https://www.meetup.com/new-york-ufo-research-investigations-meetup-group/events/285774353,10
Sunday at The Metropolitan Museum of Art,"Livin Your Best Life • Freehold, NJ","SUN, MAY 22 · 2:00 PM UTC+2",16 attendees,No place left,https://www.meetup.com/livin-your-best-life/events/284723997,16
Brompton Ride & Eat @ Smorgasburg,"Brompton New York • New York, NY","SUN, MAY 22 · 4:00 PM UTC+2",40 attendees,No place left,https://www.meetup.com/BromptonNYC/events/285542140,40
Tarot Class With Anne & Spiritual Chat,"Tarot Reading with Anne • Brooklyn, NY","SUN, MAY 22 · 4:00 PM UTC+2",10 attendees,No place left,https://www.meetup.com/thepsychicdancer/events/285652930,10
Gay/bi/trans Social event Brooklyn Botanic Garden,"LGBTQIA BlazenArts Art Club • Brooklyn, NY","SUN, MAY 22 · 5:00 PM UTC+2",19 attendees,No place left,https://www.meetup.com/lgbtqia-bushwick-art-club/events/285342978,19
Normal People (Sally Rooney),"Jersey City Brunch Book Club meetup • Jersey City, NJ","SUN, MAY 22 · 5:00 PM UTC+2",8 attendees,2 spots left,https://www.meetup.com/Jersey-City-Brunch-Book-Club-meetup/events/284744806,10
Brunch at The Cabin,"New York's Female Brunch Club • New York, NY","SUN, MAY 22 · 5:00 PM UTC+2",13 attendees,7 spots left,https://www.meetup.com/new-yorks-female-brunch-club/events/285744728,20
Hoboken Community Bike Rides,"Hoboken Bicycling Meetup • Hoboken, NJ","SUN, MAY 22 · 5:00 PM UTC+2",4 attendees,No place left,https://www.meetup.com/HobokenBicyclingMeetup/events/285619776,4
May 2022 Meetup,"City Corgi Collective • New York, NY","SUN, MAY 22 · 6:00 PM UTC+2",16 attendees,No place left,https://www.meetup.com/city-corgi-collective/events/285669910,16
Sunday Brunch at Blue!,"Staten Island Brunch and Lunch Friends • Staten Island, NY","SUN, MAY 22 · 7:00 PM UTC+2",10 attendees,No place left,https://www.meetup.com/staten-island-brunch-friends/events/285660598,10
Halal Thai Food !!,"NYC, LI, & NJ Desi/Middle Eastern Meetup • New York, NY","SUN, MAY 22 · 7:00 PM UTC+2",10 attendees,No place left,https://www.meetup.com/nyc-li-nj-desi-meetup/events/285826618,10
"""Drive Your Plow Over the Bones of the Dead,"" by Olga Tokarczuk","The Millennialish Book Club • New York, NY","SUN, MAY 22 · 8:00 PM UTC+2",41 attendees,No place left,https://www.meetup.com/NYC-20-something-book-club/events/282104024,41
Discussion: Purpose,"New York Interesting Conversations • New York, NY","SUN, MAY 22 · 8:00 PM UTC+2",34 attendees,No place left,https://www.meetup.com/new-york-conversations/events/285557050,34
Picnic in Central Park,"Gay Parenting - LGBT Future Parents • New York, NY","SUN, MAY 22 · 9:00 PM UTC+2",7 attendees,No place left,https://www.meetup.com/gay-parenting-lgbt-future-parents/events/285693902,7
Picknick im Freien,"Gay German Conversation Group: Stammtisch • New York, NY","SUN, MAY 22 · 9:00 PM UTC+2",25 attendees,No place left,https://www.meetup.com/Gay-German-Conversation-Group-Stammtisch/events/285635411,25
Kool Weridos Merch Party,"Kool Weridos • New York, NY","SUN, MAY 22 · 9:00 PM UTC+2",5 attendees,No place left,https://www.meetup.com/new-york-partying-meetup-group/events/285830166,5
Writer Friends Online Hangout,"Passaic County Writer Friends • Montclair, NJ","SUN, MAY 22 · 10:00 PM UTC+2",7 attendees,No place left,https://www.meetup.com/montclair-writer-friends-meetup-group/events/285797757,7
Harlem Bitcoin Community Meetup .00000003 #BitcoinPizzaDay 🍕🍕,"Harlem Bitcoin Community • New York, NY","SUN, MAY 22 · 11:00 PM UTC+2",38 attendees,No place left,https://www.meetup.com/harlem-bitcoin-community/events/285571266,38
TOPSPIN - The NYC Ping Pong Meetup Group,"TOPSPIN - The NYC Ping Pong Meetup Group • New York, NY","SUN, MAY 22 · 11:00 PM UTC+2",69 attendees,No place left,https://www.meetup.com/topspin-the-new-york-ping-pong-meetup-group/events/285916242,69
May Classics Watch Party - The African Queen,"The Morristown Movie & Dining (and More) Meetup Group! • Morristown, NJ","MON, MAY 23 · 1:00 AM UTC+2",9 attendees,No place left,https://www.meetup.com/movies-594/events/285441946,9
The Violin Conspiracy by Brendan Slocumb - Book Discussion,"Not Your Bubbe’s Book Club • Merrick, NY","MON, MAY 23 · 1:00 AM UTC+2",13 attendees,No place left,https://www.meetup.com/meetup-group-vIEJNjur/events/284759980,13
Virtual Parliamentarians: Get Your Questions Answered on Parliamentary Procedure,"VPs Parliamentary Procedure Study Group • New York, NY","MON, MAY 23 · 2:00 AM UTC+2",3 attendees,No place left,https://www.meetup.com/virtual-parliamentarians-study-group/events/284040264,3
Webinar: Stan Uryasev - Drawdown Beta and Portfolio Optimization,"The Thalesians • New York, NY","MON, MAY 23 · 6:30 PM UTC+2",56 attendees,No place left,https://www.meetup.com/thalesians/events/285846682,56
"AMALFI VIRTUAL WALKING TOUR - The Pearl of the Amalfi Coast, Italy","Italy Virtual Tours: Art, Culture & Beauty • New York, NY","MON, MAY 23 · 7:00 PM UTC+2",35 attendees,No place left,https://www.meetup.com/italy-virtual-tours/events/285492351,35
Understanding Fast American English Workshop,"Let's Speak! English Conversation Club • Westfield, NJ","MON, MAY 23 · 11:00 PM UTC+2",18 attendees,No place left,https://www.meetup.com/lets-speak-english-conversation-club/events/285791074,18
Optimizing Transformer Models for Performance,"Natural Language Processing • New York, NY","TUE, MAY 24 · 12:00 AM UTC+2",73 attendees,No place left,https://www.meetup.com/NY-NLP/events/285809087,73
Shopify Meetup New York,"Shopify Meetup with Merchant Mastery • New York, NY","TUE, MAY 24 · 12:00 AM UTC+2",3 attendees,No place left,https://www.meetup.com/shopify-social-lite-meetup-group/events/285602141,3
Interfaithless Meetup,"Interfaithless Meetup • New York, NY","TUE, MAY 24 · 12:30 AM UTC+2",20 attendees,No place left,https://www.meetup.com/interfaithless-meetup-group/events/284267030,20
New York Augmented Reality Meetup,"New York Augmented Reality (NYAR) • New York, NY","TUE, MAY 24 · 12:30 AM UTC+2",48 attendees,No place left,https://www.meetup.com/new-york-augmented-reality/events/285487214,48
Sea of Tranquility by Emily St. John Mandel,"Hugo and Nebula Award Winners Sci-fi Book Club Meetup • New York, NY","TUE, MAY 24 · 1:00 AM UTC+2",30 attendees,No place left,https://www.meetup.com/Hugo-and-Nebula-Award-Winners-Sci-fi-Book-Club-Meetup/events/285521019,30
JerseyPress: What to Do When You Outgrow Your WordPress Hosting Company,"Bergen County WordPress Meetup • Paramus, NJ","TUE, MAY 24 · 1:00 AM UTC+2",5 attendees,No place left,https://www.meetup.com/Bergen-County-WordPress-Meetup/events/285719531,5
How to Make a Ridiculously Easy Second Income on Linkedin,"The Nomadic Entrepreneur - New York • New York, NY","TUE, MAY 24 · 2:00 AM UTC+2",240 attendees,No place left,https://www.meetup.com/the-nomadic-entrepreneur-new-york/events/285613825,240
Real Estate Morning Mixer,"New York Real Estate Investing and Networking Group • New York, NY","TUE, MAY 24 · 3:00 PM UTC+2",23 attendees,No place left,https://www.meetup.com/new-york-real-estate-investing-and-networking-group/events/285156054,23
RSVP to join Red Hat’s Matt Hicks & our RHEL experts for a special RHUG event.,"New York Red Hat User Group • New York, NY","TUE, MAY 24 · 4:00 PM UTC+2",14 attendees,No place left,https://www.meetup.com/NYRHUG-New-York-Red-Hat-Users-Group/events/285415669,14
Contributing to SciPy,"Data Umbrella • New York, NY","TUE, MAY 24 · 6:00 PM UTC+2",50 attendees,No place left,https://www.meetup.com/data-umbrella/events/285571437,50
How to Really Network (Practical Lessons from a Succesfull Networker),"Accelerate Career Skills and Networking Bootcamps • New York, NY","TUE, MAY 24 · 11:00 PM UTC+2",15 attendees,No place left,https://www.meetup.com/accelerate-career-skills-and-networking-bootcamps/events/285692564,15
NYVRAR Flagship Meetup- Understand VR/AR and The Metaverse,"New York Virtual Reality VR and Augmented Reality AR • New York, NY","WED, MAY 25 · 12:00 AM UTC+2",25 attendees,No place left,https://www.meetup.com/new-york-virtual-reality-vr-augmented-reality-ar/events/285710126,25
NYCBG Main Josie Woods Meetup,"New York City Backgammon • New York, NY","WED, MAY 25 · 12:00 AM UTC+2",34 attendees,No place left,https://www.meetup.com/nyc-bg/events/285638759,34
Azure Monitoring and Logging Best Practices - Presented by Scott Haglund,"Microsoft Azure User Group - NYC • New York, NY","WED, MAY 25 · 12:00 AM UTC+2",21 attendees,No place left,https://www.meetup.com/AzureNYC/events/285716031,21
AWS NYC Meetup - Protecting against ransomware attacks,"AWS New York | Official Meetup • New York, NY","WED, MAY 25 · 12:00 AM UTC+2",49 attendees,No place left,https://www.meetup.com/AWS-NYC/events/285855995,49
VIRTUAL | NYC FinOps May Meetup - FinOps as Career Path: Past and Future,"New York City Cloud FinOps • New York, NY","WED, MAY 25 · 1:00 AM UTC+2",42 attendees,No place left,https://www.meetup.com/New-York-City-Cloud-FinOps/events/281735721,42
Washington Square by Henry James,"Quixotic Book Club of New York City • New York, NY","WED, MAY 25 · 1:00 AM UTC+2",21 attendees,No place left,https://www.meetup.com/Quixotic-Book-Club-of-New-York-City/events/285398267,21
The Winter's Tale,"Shakespeare Society • New York, NY","WED, MAY 25 · 1:00 AM UTC+2",21 attendees,No place left,https://www.meetup.com/The-Shakespeare-Book-Club/events/284573878,21
*In Person* Practice and improve your public speaking skills!,"Greenspeakers Toastmasters Club - Practice Public Speaking • New York, NY","WED, MAY 25 · 1:00 AM UTC+2",24 attendees,No place left,https://www.meetup.com/greenspeakers/events/285443255,24
A Conversation with Caroline Le of Formerle Studio,"Bergen County Motion Graphics Meetup • Rutherford, NJ","WED, MAY 25 · 1:00 AM UTC+2",9 attendees,No place left,https://www.meetup.com/Bergen-County-Motion-Graphics-Meetup/events/285790355,9
Speak Art Series,"Underground Skills Exchange - (USE) • New York, NY","WED, MAY 25 · 1:30 AM UTC+2",1 attendee,No place left,https://www.meetup.com/underground-skills-exchange-use/events/285717300,1
Bookclub: God: A Human History by Reza Aslan,"Leftist Book Club • New York, NY","WED, MAY 25 · 2:00 AM UTC+2",11 attendees,4 spots left,https://www.meetup.com/leftistbooks/events/285695672,15
Blockchain Decentralized finance (DeFi) -MasterClass,"New York Emerging Technology Meetup • New York, NY","WED, MAY 25 · 4:00 PM UTC+2",45 attendees,10 spots left,https://www.meetup.com/new-york-emerging-technology-meetup/events/285590363,55
ESL Game: English on Your Feet!™,"Lingo Parlor: Speak English like you mean it! • New York, NY","WED, MAY 25 · 8:00 PM UTC+2",30 attendees,No place left,https://www.meetup.com/lingoparlor/events/285705530,30
CUG Northeast. Camunda 8 in action,"Camunda User Group Northeast, USA • New York, NY","WED, MAY 25 · 10:00 PM UTC+2",10 attendees,No place left,https://www.meetup.com/Camunda-User-Group-New-York/events/285365364,10
25th May Entrepreneurs Happy Hour,"NYC Entrepreneurs coworking • New York, NY","WED, MAY 25 · 11:00 PM UTC+2",14 attendees,No place left,https://www.meetup.com/nyc-entrepreneurs-coworking/events/285842636,14
Community Kickoff Event,"Work Reflection Community - Virtual • New York, NY","WED, MAY 25 · 11:30 PM UTC+2",10 attendees,No place left,https://www.meetup.com/work-reflection-community/events/285842581,10
Learn how to stop inadvertently amplifying your painful emotions and sensations,"Evidence-Based Self-Help for Mental Struggles - New York • New York, NY","THU, MAY 26 · 12:00 AM UTC+2",75 attendees,No place left,https://www.meetup.com/evidence-based-self-help-for-mental-struggles-new-york/events/285567127,75
Business Over Fear,"Young Entrepreneurs and Professionals Network • New York, NY","THU, MAY 26 · 12:00 AM UTC+2",40 attendees,No place left,https://www.meetup.com/Network4Biz/events/283987916,40
May Meeting - The Motion of Light in Water,"Gay Men’s Book Club (Brooklyn) • Brooklyn, NY","THU, MAY 26 · 12:30 AM UTC+2",12 attendees,No place left,https://www.meetup.com/gay-men-s-book-club-brooklyn/events/285557486,12
Psychedelic Integration Circle at Carl Schurz,"NYC Psychedelic Circle for Women of Color • New York, NY","THU, MAY 26 · 12:30 AM UTC+2",4 attendees,No place left,https://www.meetup.com/nyc-psychedelic-circle-for-women-of-color/events/285676908,4
Befriend Your Anxiety,"Befriending Your Anxiety • Brooklyn, NY","THU, MAY 26 · 1:00 AM UTC+2",443 attendees,No place left,https://www.meetup.com/befriending-your-anxiety/events/284820494,443
Prosecuting the Attempted Coup,"Sending Trump to Prison • New York, NY","THU, MAY 26 · 1:00 AM UTC+2",21 attendees,No place left,https://www.meetup.com/why-life-imprison-trump/events/285151299,21
20somethings Creative Writing Zoom 'Sesh,"20somethings Creative Writing Community • Astoria, NY","THU, MAY 26 · 1:00 AM UTC+2",27 attendees,No place left,https://www.meetup.com/20somethings-creative-writing-community/events/285662297,27
The Aeneid by Virgil (Books 1-3; 79 pages),"The Labyrinth • New York, NY","THU, MAY 26 · 1:00 AM UTC+2",23 attendees,No place left,https://www.meetup.com/the-labyrinth/events/285271334,23
Monthly Book Meeting: (The Power of Now),"Professional Muslim Women • North Brunswick, NJ","THU, MAY 26 · 1:00 AM UTC+2",5 attendees,No place left,https://www.meetup.com/meetup-group-nawkkdrq/events/285396804,5
Monthly Discussion Group,"Gabbing with Gays • New York, NY","THU, MAY 26 · 1:30 AM UTC+2",7 attendees,No place left,https://www.meetup.com/gabbing-with-gays/events/285831512,7
World Wide Wednesdays Language Exchange Kickoff!!,"World Wide Wednesdays • Brooklyn, NY","THU, MAY 26 · 2:00 AM UTC+2",5 attendees,No place left,https://www.meetup.com/world-wide-wednesdays/events/285919125,5
PyMC Office Hours,"PyMC Online Meetup • New York, NY","THU, MAY 26 · 3:00 PM UTC+2",13 attendees,No place left,https://www.meetup.com/pymc-online-meetup/events/285640500,13
Business Framework Drill - Startups and Franchise models.,"Business resources and events • New York, NY","FRI, MAY 27 · 12:00 AM UTC+2",16 attendees,No place left,https://www.meetup.com/business-resources-and-events/events/285830246,16
Socratic Seminar 112,"BitDevs NYC • New York, NY","FRI, MAY 27 · 12:45 AM UTC+2",53 attendees,No place left,https://www.meetup.com/BitDevsNYC/events/285798842,53
XM Cloud – A developer preview,"NY Metro Sitecore User Group • New York, NY","FRI, MAY 27 · 1:00 AM UTC+2",20 attendees,No place left,https://www.meetup.com/NY-Metro-Sitecore-User-Group/events/285797283,20
Natalie Boucheix solo concert,"Brooklyn Accordion Club • Brooklyn, NY","FRI, MAY 27 · 1:00 AM UTC+2",13 attendees,No place left,https://www.meetup.com/meetup-group-booosnyd/events/284679941,13
We're back! (again) - Bottoms Up: Home Sweet d.b.a.,"Women Who Like Beer NYC • New York, NY","FRI, MAY 27 · 1:00 AM UTC+2",15 attendees,No place left,https://www.meetup.com/Women-Who-Like-Beer-NYC/events/285825669,15
THE PUBLICITY BREAKTHROUGH BOOTCAMP! 3-DAY VIRTUAL EVENT,"World Changers, Holistic Healers & Conscious Co-creators-NY • New York, NY","FRI, MAY 27 · 1:00 AM UTC+2",12 attendees,No place left,https://www.meetup.com/WorldChangers-NewYork/events/284578825,12
The Rise and Fall of Comics,"Comic Arts Workshop • New York, NY","FRI, MAY 27 · 1:30 AM UTC+2",50 attendees,No place left,https://www.meetup.com/comicarts/events/284807035,50
Finding the Right Relationship for You,"Secret to happiness and confidence • Astoria, NY","FRI, MAY 27 · 2:00 AM UTC+2",16 attendees,No place left,https://www.meetup.com/secret-to-happiness-and-confidence/events/285704602,16
Hacker Nights May 2022,"Hacker Nights • New York, NY","FRI, MAY 27 · 2:00 AM UTC+2",11 attendees,No place left,https://www.meetup.com/hackernights/events/285011741,11
Brooklyn Bridge Sunset Photo Trek,"NYC Photo Treks • New York, NY","SAT, MAY 28 · 12:30 AM UTC+2",7 attendees,1 spot left,https://www.meetup.com/nyc-photo-treks/events/285780752,8
Let’s Start Running Again 😃🏃‍♀️🌈 (3 mile run),"Lez Run • New York, NY","SAT, MAY 28 · 4:00 PM UTC+2",11 attendees,No place left,https://www.meetup.com/meetup-group-nVFSATuP/events/285404715,11
NYC WOMENS BOOTCAMP N' BRUNCH: A weekly Outdoor HIIT Workout - All SUMMER 2022,"Outdoor Total Body HIIT Workout • New York, NY","SAT, MAY 28 · 4:30 PM UTC+2",4 attendees,No place left,https://www.meetup.com/https-www-instagram-com-steph-d-fit-hl-en/events/285611323,4
"Metaverse, Virtual Reality Tools and Techniques","XR Learning and Storytelling • New York, NY","SAT, MAY 28 · 7:00 PM UTC+2",15 attendees,No place left,https://www.meetup.com/xr-learning/events/285580601,15
The Battery in Black and White,"RLP Urban Photographer's Meetup • Brooklyn, NY","SAT, MAY 28 · 8:00 PM UTC+2",25 attendees,No place left,https://www.meetup.com/RLP-Urban-Photographers-Meetup/events/285666448,25
May Youtube & TikTok Creator Meetup,"Youtube and TikTok New York Meetup Creator Group • New York, NY","SAT, MAY 28 · 8:00 PM UTC+2",16 attendees,No place left,https://www.meetup.com/youtube-tiktok-new-york-meetup-creator-group/events/285637412,16
Bowling - Let's Have Fun!,"Christian Singles Connect — New York City • New York, NY","SAT, MAY 28 · 10:00 PM UTC+2",5 attendees,No place left,https://www.meetup.com/christian-singles-connect-new-york-city/events/285294991,5
Knit by Night First Meetup!,"Knit by Night • New York, NY","SUN, MAY 29 · 12:00 AM UTC+2",25 attendees,No place left,https://www.meetup.com/knit-by-night/events/285765739,25
What's Your Story?,"What's Your Story • New York, NY","SUN, MAY 29 · 1:00 AM UTC+2",23 attendees,No place left,https://www.meetup.com/meetup-group-nejscyoo/events/285708611,23
Grand Army Plaza to Greenpoint Library 5 easy miles,"Shorewalkers: Members Only Group • New York, NY","SUN, MAY 29 · 5:00 PM UTC+2",92 attendees,No place left,https://www.meetup.com/shorewalkers-members-only/events/285813857,92
One Act Play Options - Decision Vote,"Let's Put On A Play! • New York, NY","SUN, MAY 29 · 6:00 PM UTC+2",5 attendees,No place left,https://www.meetup.com/lets-put-on-a-play/events/285543778,5
Good Eatz @ Smorgasburg Prospect Park,"KINGZ: A Black Gay Collective • New York, NY","SUN, MAY 29 · 7:00 PM UTC+2",14 attendees,No place left,https://www.meetup.com/KINGZ-A-Black-Gay-Collective/events/285200077,14
Opportunities for Artists,"Artists In Business • New York, NY","MON, MAY 30 · 2:00 AM UTC+2",24 attendees,No place left,https://www.meetup.com/Artists-In-Business/events/280541121,24
Electronic Music Showcase at Wonderville,"Brooklyn Experimental/Electronic Music Meetup • Brooklyn, NY","TUE, MAY 31 · 1:00 AM UTC+2",54 attendees,No place left,https://www.meetup.com/Brooklyn-Experimental-Electronic-Music-Meetup/events/284058887,54
Drunk Magician Magic Meetup! Any skill level or experience welcome!,"Magicians of All Levels, Skill, and Interest • New York, NY","WED, JUN 1 · 12:00 AM UTC+2",4 attendees,No place left,https://www.meetup.com/new-york-magicians-of-all-levels-and-interest/events/285155710,4
First Wednesdays at the Old Stone House,"Brooklyn Traditional Slow Jam • Brooklyn, NY","THU, JUN 2 · 12:15 AM UTC+2",13 attendees,No place left,https://www.meetup.com/Brooklyn-Traditional-Slow-Jam/events/285660273,13
Lady Susan by Jane Austen,"Jane Austen Meetup- For Janeites and Newbies Alike! • New York, NY","FRI, JUN 3 · 1:00 AM UTC+2",10 attendees,1 spot left,https://www.meetup.com/Downtown-Jane-Austen-Meetup-For-Austenites/events/283432867,11
Explore the MOMA on Free Friday Nights!,"Let's Just Have Fun • New Rochelle, NY","FRI, JUN 3 · 11:00 PM UTC+2",39 attendees,No place left,https://www.meetup.com/meetup-group-vrgvpdde/events/284250399,39
Hudson River Loop Walk,"FreeWalkers • Morristown, NJ","SAT, JUN 4 · 2:00 PM UTC+2",45 attendees,No place left,https://www.meetup.com/FreeWalkers/events/284461004,45
Around Manhattan Brunch cruise,"Queens let's meet up Happy hour Fridays • Jamaica, NY","SUN, JUN 5 · 4:00 PM UTC+2",5 attendees,2 spots left,https://www.meetup.com/queens-lets-meet-up-happy-hour-fridays/events/284884925,7
Picnic BYO Food and Bev,"Brooklyn Women 30s and 40s • Brooklyn, NY","SUN, JUN 5 · 6:00 PM UTC+2",20 attendees,No place left,https://www.meetup.com/Brooklyn-Women-30s-and-40s/events/285789454,20
Afternoon Tea☕️ at bluebird london,"High Tea & Brunch For Interesting NYC Ladies (30-40s) • New York, NY","SUN, JUN 5 · 7:00 PM UTC+2",8 attendees,No place left,https://www.meetup.com/high-tea-%EF%B8%8F-brunch-for-interesting-nyc-ladies-30-40s/events/285695437,8
"Small Group: First Time Vocalists Only – Monday, 6/6 6pm [2.5 hours]","New York Vocal Jazz Meetup Group • New York, NY","TUE, JUN 7 · 12:00 AM UTC+2",4 attendees,5 spots left,https://www.meetup.com/New-York-Vocal-Jazz-Meetup-Group/events/285632006,9
"Book to be discussed: ""Tell Me How to Be"" by Neel Patel","NYC Gay Guys' Book Club • New York, NY","WED, JUN 8 · 12:30 AM UTC+2",60 attendees,No place left,https://www.meetup.com/NYC-Gay-Guys-Book-Club/events/283649733,60
Breaking Into the Digital Accessibility Profession,"A11yNYC - Accessibility New York City • New York, NY","WED, JUN 8 · 1:30 AM UTC+2",152 attendees,No place left,https://www.meetup.com/A11yNYC/events/285355915,152
